https://pronto.eastdist.com/products/A4CEF100,A4CEF100,4CYTE CANINE EPITALIS FORTE GEL 100ML,$45.96 (Ex GST),4CYTE CANINE EPITALIS FORTE GEL 100ML,,4CYTE,https://pronto.eastdist.com/ts1763018475/attachments/Product/11760/default,0.1 kg/lt,Brand: 4CYTE,2025-11-14 00:39:25
https://pronto.eastdist.com/products/A4CEF200,A4CEF200,4CYTE CANINE EPIITALIS FORTE GEL 200ML,$83.45 (Ex GST),4CYTE CANINE EPIITALIS FORTE GEL 200ML,,4CYTE,https://pronto.eastdist.com/ts1762147849/attachments/Product/7149/default,0.25 kg/lt,Brand: 4CYTE,2025-11-14 00:40:22
https://pronto.eastdist.com/products/A4CEF100,A4CEF100,4CYTE CANINE EPITALIS FORTE GEL 100ML,$45.96 (Ex GST),4CYTE CANINE EPITALIS FORTE GEL 100ML,,4CYTE,https://pronto.eastdist.com/ts1763018475/attachments/Product/11760/default,0.1 kg/lt,Brand: 4CYTE,2025-11-14 06:16:22
https://pronto.eastdist.com/products/A4CEF200,A4CEF200,4CYTE CANINE EPIITALIS FORTE GEL 200ML,$83.45 (Ex GST),4CYTE CANINE EPIITALIS FORTE GEL 200ML,,4CYTE,https://pronto.eastdist.com/ts1762147849/attachments/Product/7149/default,0.25 kg/lt,Brand: 4CYTE,2025-11-14 06:16:38
https://pronto.eastdist.com/products/A4CEF50,A4CEF50,4CYTE CANINE EPIITALIS FORTE GEL 50ML,$27.19 (Ex GST),4CYTE CANINE EPIITALIS FORTE GEL 50ML,,4CYTE,https://pronto.eastdist.com/ts1761797524/attachments/Product/11759/default,0.05 kg/lt,Brand: 4CYTE,2025-11-14 06:17:00
https://pronto.eastdist.com/products/A4CFG50,A4CFG50,4CYTE FELINE EPIITALIS FORTE GEL 50ML,$27.69 (Ex GST),4CYTE FELINE EPIITALIS FORTE GEL 50ML,,4CYTE,https://pronto.eastdist.com/ts1761797524/attachments/Product/7150/default,0.25 kg/lt,Brand: 4CYTE,2025-11-14 06:17:06
https://pronto.eastdist.com/products/A4CG100,A4CG100,4CYTE CANINE GRANULES 100G,$54.01 (Ex GST),4CYTE CANINE GRANULES 100G,,4CYTE,https://pronto.eastdist.com/ts1762987013/attachments/Product/7151/default,0.1 kg/lt,Brand: 4CYTE,2025-11-14 06:17:27
https://pronto.eastdist.com/products/A4CG50,A4CG50,4CYTE CANINE GRANULES 50G,$29.91 (Ex GST),4CYTE CANINE GRANULES 50G,,4CYTE,https://pronto.eastdist.com/ts1761797524/attachments/Product/7152/default,0.05 kg/lt,Brand: 4CYTE,2025-11-14 06:17:33
https://pronto.eastdist.com/products/A4EE1,A4EE1,4CYTE EQUINE EPIITALIS FORTE GEL 1LT,$421.21 (Ex GST),4CYTE EQUINE EPIITALIS FORTE GEL 1LT,,4CYTE,https://pronto.eastdist.com/ts1761797524/attachments/Product/7153/default,1.0 kg/lt,Brand: 4CYTE,2025-11-14 06:17:53
https://pronto.eastdist.com/products/A4EEF250,A4EEF250,4CYTE EQUINE EPIITALIS FORTE GEL 250ML,$124.86 (Ex GST),4CYTE EQUINE EPIITALIS FORTE GEL 250ML,,4CYTE,https://pronto.eastdist.com/ts1761797524/attachments/Product/7154/default,0.25 kg/lt,Brand: 4CYTE,2025-11-14 06:17:59
https://pronto.eastdist.com/products/A4EG3.5,A4EG3.5,4CYTE EQUINE GRANULES 3.5KG,$1108.91 (Ex GST),4CYTE EQUINE GRANULES 3.5KG,,4CYTE,https://pronto.eastdist.com/ts1761797524/attachments/Product/7155/default,3.5 kg/lt,Brand: 4CYTE,2025-11-14 06:18:19
https://pronto.eastdist.com/products/A4EG700,A4EG700,4CYTE EQUINE GRANULES 700G,$245.33 (Ex GST),4CYTE EQUINE GRANULES 700G,,4CYTE,https://pronto.eastdist.com/ts1761797524/attachments/Product/7156/default,0.7 kg/lt,Brand: 4CYTE,2025-11-14 06:18:26
https://pronto.eastdist.com/products/AAURNG,AAURNG,ARTERO USB RECHARGABLE NAIL GRINDER,$40.1 (Ex GST),ARTERO USB RECHARGABLE NAIL GRINDER,,ARTERO,https://pronto.eastdist.com/ts1761881911/attachments/Product/7205/default,0.2 kg/lt,Brand: ARTERO,2025-11-14 06:18:47
https://pronto.eastdist.com/products/ABFABCC2.5,ABFABCC2.5,BANANA FEEDS AUSTRALIA B COMPLETE CANINE SUPPLEMENT 2.5KG,$50.4 (Ex GST),BANANA FEEDS AUSTRALIA B COMPLETE CANINE SUPPLEMENT 2.5KG,,BANANAFEED,https://pronto.eastdist.com/ts1761801055/attachments/Product/7213/default,2.5 kg/lt,Brand: BANANAFEED,2025-11-14 06:18:54
https://pronto.eastdist.com/products/ABFABCC500,ABFABCC500,BANANA FEEDS AUSTRALIA B COMPLETE CANINE SUPPLEMENT 500G,$17.94 (Ex GST),BANANA FEEDS AUSTRALIA B COMPLETE CANINE SUPPLEMENT 500G,,BANANAFEED,https://pronto.eastdist.com/ts1761801055/attachments/Product/7214/default,0.5 kg/lt,Brand: BANANAFEED,2025-11-14 06:19:11
https://pronto.eastdist.com/products/ABHB20,ABHB20,BARASTOC REBALANCE HORSE BLOCK 20KG,$44.52 (Ex GST),BARASTOC REBALANCE HORSE BLOCK 20KG,,BARASTOC,https://pronto.eastdist.com/ts1761797524/attachments/Product/7215/default,20.0 kg/lt,Brand: BARASTOC,2025-11-14 06:19:20
https://pronto.eastdist.com/products/ABHDGN250,ABHDGN250,BLACK HORSE DUSTYS GOLD NECTAR 250ML,$26.6 (Ex GST),BLACK HORSE DUSTYS GOLD NECTAR 250ML,,BLACKHORSE,https://pronto.eastdist.com/ts1762305727/attachments/Product/10740/default,0.27 kg/lt,Brand: BLACKHORSE,2025-11-14 06:19:35
https://pronto.eastdist.com/products/ABHDGN500,ABHDGN500,BLACK HORSE DUSTYS GOLD NECTAR 500ML,$39.95 (Ex GST),BLACK HORSE DUSTYS GOLD NECTAR 500ML,,BLACKHORSE,https://pronto.eastdist.com/ts1761706279/attachments/Product/10741/default,0.545 kg/lt,Brand: BLACKHORSE,2025-11-14 06:20:02
https://pronto.eastdist.com/products/ABHGA10,ABHGA10,BLACK HORSE GUT ALIGN 10KG,$152.97 (Ex GST),BLACK HORSE GUT ALIGN 10KG,,BLACKHORSE,https://pronto.eastdist.com/ts1761711063/attachments/Product/10768/default,10.5 kg/lt,Brand: BLACKHORSE,2025-11-14 06:20:28
https://pronto.eastdist.com/products/ABHGA2.5,ABHGA2.5,BLACK HORSE GUT ALIGN 2.5KG,$49.7 (Ex GST),BLACK HORSE GUT ALIGN 2.5KG,,BLACKHORSE,https://pronto.eastdist.com/ts1763067129/attachments/Product/10744/default,2.72 kg/lt,Brand: BLACKHORSE,2025-11-14 06:20:55
https://pronto.eastdist.com/products/ABHGA5,ABHGA5,BLACK HORSE GUT ALIGN 5KG,$82.9 (Ex GST),BLACK HORSE GUT ALIGN 5KG,,BLACKHORSE,https://pronto.eastdist.com/ts1761797660/attachments/Product/10745/default,6.0 kg/lt,Brand: BLACKHORSE,2025-11-14 06:21:24
https://pronto.eastdist.com/products/ABHGHP10,ABHGHP10,BLACK HORSE GUT HARMONY PLUS 10KG,$152.97 (Ex GST),BLACK HORSE GUT HARMONY PLUS 10KG,,BLACKHORSE,https://pronto.eastdist.com/ts1761711063/attachments/Product/10767/default,10.5 kg/lt,Brand: BLACKHORSE,2025-11-14 06:21:40
https://pronto.eastdist.com/products/ABHGHP2.5,ABHGHP2.5,BLACK HORSE GUT HARMONY PLUS 2.5KG,$49.7 (Ex GST),BLACK HORSE GUT HARMONY PLUS 2.5KG,,BLACKHORSE,https://pronto.eastdist.com/ts1763067129/attachments/Product/10742/default,2.72 kg/lt,Brand: BLACKHORSE,2025-11-14 06:21:52
https://pronto.eastdist.com/products/ABHGHP5,ABHGHP5,BLACK HORSE GUT HARMONY PLUS 5KG,$82.9 (Ex GST),BLACK HORSE GUT HARMONY PLUS 5KG,,BLACKHORSE,https://pronto.eastdist.com/ts1761711063/attachments/Product/10743/default,5.54 kg/lt,Brand: BLACKHORSE,2025-11-14 06:22:07
https://pronto.eastdist.com/products/ABHH10,ABHH10,BLACK HORSE HARMONY 10KG,$84.39 (Ex GST),BLACK HORSE HARMONY 10KG,,BLACKHORSE,https://pronto.eastdist.com/ts1762111371/attachments/Product/7217/default,10.0 kg/lt,Brand: BLACKHORSE,2025-11-14 06:22:17
https://pronto.eastdist.com/products/ABHH2.5,ABHH2.5,BLACK HORSE HARMONY 2.5KG,$30.45 (Ex GST),BLACK HORSE HARMONY 2.5KG,,BLACKHORSE,https://pronto.eastdist.com/ts1761707464/attachments/Product/7218/default,2.5 kg/lt,Brand: BLACKHORSE,2025-11-14 06:22:45
https://pronto.eastdist.com/products/ABHH5,ABHH5,BLACK HORSE HARMONY 5KG,$49.64 (Ex GST),BLACK HORSE HARMONY 5KG,,BLACKHORSE,https://pronto.eastdist.com/ts1761707464/attachments/Product/7219/default,5.0 kg/lt,Brand: BLACKHORSE,2025-11-14 06:23:14
https://pronto.eastdist.com/products/ABPGEORGE300,ABPGEORGE300,BUDDYPET GEORGE - CONDITIONER FOR SILKY SMOOTH COAT 300ML,$21.92 (Ex GST),BUDDYPET GEORGE - CONDITIONER FOR SILKY SMOOTH COAT 300ML,,BUDDY PET,https://pronto.eastdist.com/ts1762138236/attachments/Product/8525/default,0.346 kg/lt,Brand: BUDDY PET,2025-11-14 06:23:44
https://pronto.eastdist.com/products/ABPMAISIE500,ABPMAISIE500,BUDDYPET MAISIE - SHAMPOO FOR SESITIVE SKIN 500ML,$25.58 (Ex GST),BUDDYPET MAISIE - SHAMPOO FOR SESITIVE SKIN 500ML,,BUDDY PET,https://pronto.eastdist.com/ts1762138236/attachments/Product/8523/default,0.556 kg/lt,Brand: BUDDY PET,2025-11-14 06:24:13
https://pronto.eastdist.com/products/ABPPOPPY500,ABPPOPPY500,BUDDYPET POPPY - SHAMPOO FOR DRY ITCHY SKIN 500ML,$25.58 (Ex GST),BUDDYPET POPPY - SHAMPOO FOR DRY ITCHY SKIN 500ML,,BUDDY PET,https://pronto.eastdist.com/ts1762138236/attachments/Product/8520/default,0.556 kg/lt,Brand: BUDDY PET,2025-11-14 06:24:45
https://pronto.eastdist.com/products/ACB6SBJ,ACB6SBJ,CHEEKY BIRD 6 STACK WITH BELLS JUMBO,$17.41 (Ex GST),CHEEKY BIRD 6 STACK WITH BELLS JUMBO,,CHEEKYBIRD,https://pronto.eastdist.com/ts1762753823/attachments/Product/7221/default,1.54 kg/lt,Brand: CHEEKYBIRD,2025-11-14 06:25:17
https://pronto.eastdist.com/products/ACB6STB,ACB6STB,CHEEKY BIRD 6 STEP LADDER WITH BEADS,$4.49 (Ex GST),CHEEKY BIRD 6 STEP LADDER WITH BEADS,,CHEEKYBIRD,https://pronto.eastdist.com/ts1761706279/attachments/Product/7222/default,0.09 kg/lt,Brand: CHEEKYBIRD,2025-11-14 06:25:51
https://pronto.eastdist.com/products/ACB9STB,ACB9STB,CHEEKY BIRD 9 STEP LADDER WITH BEADS,$5.66 (Ex GST),CHEEKY BIRD 9 STEP LADDER WITH BEADS,,CHEEKYBIRD,https://pronto.eastdist.com/ts1762942857/attachments/Product/7223/default,0.12 kg/lt,Brand: CHEEKYBIRD,2025-11-14 06:26:09
https://pronto.eastdist.com/products/ACBBS,ACBBS,CHEEKY BIRD BLOCK SWING,$9.67 (Ex GST),CHEEKY BIRD BLOCK SWING,,CHEEKYBIRD,https://pronto.eastdist.com/ts1761706279/attachments/Product/7226/default,0.735 kg/lt,Brand: CHEEKYBIRD,2025-11-14 06:30:39
https://pronto.eastdist.com/products/ACBBSJ,ACBBSJ,CHEEKY BIRD BLOCK STACK JUMBO,$12.89 (Ex GST),CHEEKY BIRD BLOCK STACK JUMBO,,CHEEKYBIRD,https://pronto.eastdist.com/ts1761706279/attachments/Product/7227/default,0.94 kg/lt,Brand: CHEEKYBIRD,2025-11-14 06:31:22
https://pronto.eastdist.com/products/ACBCRBM,ACBCRBM,CHEEKY BIRD CYLINDER & ROPE WITH BELL MEDIUM,$5.26 (Ex GST),CHEEKY BIRD CYLINDER & ROPE WITH BELL MEDIUM,,CHEEKYBIRD,https://pronto.eastdist.com/ts1761706279/attachments/Product/7228/default,0.12 kg/lt,Brand: CHEEKYBIRD,2025-11-14 06:31:49
https://pronto.eastdist.com/products/ACBCT15X130,ACBCT15X130,CHEEKY BIRD BLACK CAGE TIDY 15CM x 130CM,$5.46 (Ex GST),CHEEKY BIRD BLACK CAGE TIDY 15CM x 130CM,,CHEEKYBIRD,https://pronto.eastdist.com/ts1762942857/attachments/Product/10165/default,0.2 kg/lt,Brand: CHEEKYBIRD,2025-11-14 06:32:34
https://pronto.eastdist.com/products/ACBCT15X160,ACBCT15X160,CHEEKY BIRD BLACK CAGE TIDY 15CM x 160CM,$7.02 (Ex GST),CHEEKY BIRD BLACK CAGE TIDY 15CM x 160CM,,CHEEKYBIRD,https://pronto.eastdist.com/ts1761706280/attachments/Product/10166/default,0.2 kg/lt,Brand: CHEEKYBIRD,2025-11-14 06:33:24
https://pronto.eastdist.com/products/ACBCT15X220,ACBCT15X220,CHEEKY BIRD BLACK CAGE TIDY 15CM x 220CM,$9.23 (Ex GST),CHEEKY BIRD BLACK CAGE TIDY 15CM x 220CM,,CHEEKYBIRD,https://pronto.eastdist.com/ts1762807586/attachments/Product/10167/default,0.2 kg/lt,Brand: CHEEKYBIRD,2025-11-14 06:34:09
https://pronto.eastdist.com/products/ACBCT15X260,ACBCT15X260,CHEEKY BIRD BLACK CAGE TIDY 15CM x 260CM,$10.49 (Ex GST),CHEEKY BIRD BLACK CAGE TIDY 15CM x 260CM,,CHEEKYBIRD,https://pronto.eastdist.com/ts1761706280/attachments/Product/10168/default,0.2 kg/lt,Brand: CHEEKYBIRD,2025-11-14 06:34:56
https://pronto.eastdist.com/products/ACBDDFLG,ACBDDFLG,CHEEKY BIRD DOUBLE D CUP FEEDER LARGE,$4.36 (Ex GST),CHEEKY BIRD DOUBLE D CUP FEEDER LARGE,,CHEEKYBIRD,https://pronto.eastdist.com/ts1761706279/attachments/Product/7229/default,0.042 kg/lt,Brand: CHEEKYBIRD,2025-11-14 06:35:43
https://pronto.eastdist.com/products/ACBDDFSM,ACBDDFSM,CHEEKY BIRD DOUBLE D CUP FEEDER SMALL,$2.15 (Ex GST),CHEEKY BIRD DOUBLE D CUP FEEDER SMALL,,CHEEKYBIRD,https://pronto.eastdist.com/ts1761706279/attachments/Product/7230/default,0.036 kg/lt,Brand: CHEEKYBIRD,2025-11-14 06:36:34
https://pronto.eastdist.com/products/ACBHTBM,ACBHTBM,CHEEKY BIRD HANGING TRI-BELL MEDIUM,$8.46 (Ex GST),CHEEKY BIRD HANGING TRI-BELL MEDIUM,,CHEEKYBIRD,https://pronto.eastdist.com/ts1761706279/attachments/Product/7231/default,0.36 kg/lt,Brand: CHEEKYBIRD,2025-11-14 06:37:26
https://pronto.eastdist.com/products/A4CEF100,A4CEF100,4CYTE CANINE EPITALIS FORTE GEL 100ML,$45.96 (Ex GST),4CYTE CANINE EPITALIS FORTE GEL 100ML,,4CYTE,https://pronto.eastdist.com/ts1763018475/attachments/Product/11760/default,0.1 kg/lt,Brand: 4CYTE,2025-11-14 06:41:18
https://pronto.eastdist.com/products/A4CEF200,A4CEF200,4CYTE CANINE EPIITALIS FORTE GEL 200ML,$83.45 (Ex GST),4CYTE CANINE EPIITALIS FORTE GEL 200ML,,4CYTE,https://pronto.eastdist.com/ts1762147849/attachments/Product/7149/default,0.25 kg/lt,Brand: 4CYTE,2025-11-14 06:42:15
https://pronto.eastdist.com/products/A4CEF50,A4CEF50,4CYTE CANINE EPIITALIS FORTE GEL 50ML,$27.19 (Ex GST),4CYTE CANINE EPIITALIS FORTE GEL 50ML,,4CYTE,https://pronto.eastdist.com/ts1761797524/attachments/Product/11759/default,0.05 kg/lt,Brand: 4CYTE,2025-11-14 06:43:15
https://pronto.eastdist.com/products/A4CFG50,A4CFG50,4CYTE FELINE EPIITALIS FORTE GEL 50ML,$27.69 (Ex GST),4CYTE FELINE EPIITALIS FORTE GEL 50ML,,4CYTE,https://pronto.eastdist.com/ts1761797524/attachments/Product/7150/default,0.25 kg/lt,Brand: 4CYTE,2025-11-14 06:44:15
https://pronto.eastdist.com/products/A4CG100,A4CG100,4CYTE CANINE GRANULES 100G,$54.01 (Ex GST),4CYTE CANINE GRANULES 100G,,4CYTE,https://pronto.eastdist.com/ts1762987013/attachments/Product/7151/default,0.1 kg/lt,Brand: 4CYTE,2025-11-14 06:44:47
https://pronto.eastdist.com/products/A4CG50,A4CG50,4CYTE CANINE GRANULES 50G,$29.91 (Ex GST),4CYTE CANINE GRANULES 50G,,4CYTE,https://pronto.eastdist.com/ts1761797524/attachments/Product/7152/default,0.05 kg/lt,Brand: 4CYTE,2025-11-14 06:45:50
https://pronto.eastdist.com/products/A4EE1,A4EE1,4CYTE EQUINE EPIITALIS FORTE GEL 1LT,$421.21 (Ex GST),4CYTE EQUINE EPIITALIS FORTE GEL 1LT,,4CYTE,https://pronto.eastdist.com/ts1761797524/attachments/Product/7153/default,1.0 kg/lt,Brand: 4CYTE,2025-11-14 06:46:50
https://pronto.eastdist.com/products/A4EEF250,A4EEF250,4CYTE EQUINE EPIITALIS FORTE GEL 250ML,$124.86 (Ex GST),4CYTE EQUINE EPIITALIS FORTE GEL 250ML,,4CYTE,https://pronto.eastdist.com/ts1761797524/attachments/Product/7154/default,0.25 kg/lt,Brand: 4CYTE,2025-11-14 06:47:24
